trace,bba,context,genet,hmix,lightweight,mpc,semantic,udr,reward_gain
result_sim_abr_fcc-test_027_test_fcc_trace_27175_http---www.amazon.com_660_0,0.7324915759373651,0.7181813586832323,0.37271288364356847,0.41446554674313996,-0.3121820747492122,0.6700292071967452,0.08885260146632175,0.05429072222842137,-0.6848949583927807
result_sim_abr_fcc-test_085_test_fcc_trace_27175_http---www.amazon.com_840_0,1.9265957446808506,2.051489361702127,2.572978723404255,1.9093617021276585,1.9197872340425526,2.543110366117238,2.2078723404255314,2.4391489361702123,-0.6531914893617026
result_sim_abr_fcc-test_049_trace_665208_http---www.yahoo.com_0,2.0563829787234034,1.9763829787234037,2.64531914893617,2.0178723404255314,2.054893617021276,2.7265957446808504,2.116382978723404,2.462716309568281,-0.5904255319148937
result_sim_abr_fcc-test_087_test_fcc_trace_27175_http---www.amazon.com_780_0,1.9457446808510637,2.2140425531914887,2.649361702127659,2.126808510638297,2.1072340425531904,2.480167195457366,2.098936170212766,2.6168920483240132,-0.5421276595744686
result_sim_abr_fcc-test_093_test_fcc_trace_27175_http---www.amazon.com_720_0,1.115344585487945,1.6357446808510638,2.1176595744680844,1.621489361702127,1.6480851063829784,2.141489361702127,1.5925531914893614,1.9155969972564968,-0.46957446808510594
result_sim_abr_fcc-test_077_trace_665208_http---www.yahoo.com_640,1.8138297872340419,1.8970212765957442,2.237021276595744,1.847234042553191,1.8565957446808503,2.2765957446808502,2.061489361702127,1.8748830212604055,-0.3804255319148937
result_sim_abr_fcc-test_033_test_fcc_trace_216810_http---www.facebook.com_480_0,0.9202127659574466,1.1224255357391968,1.102340425531915,0.5793686271388714,0.7424647736703832,0.5683479392118735,0.6123656311503223,0.5536028173549353,-0.3598756518615317
result_sim_abr_fcc-test_063_trace_799296_http---www.amazon.com_960,1.428723404255319,1.641702127659574,1.9261702127659563,1.6842553191489358,1.7034042553191484,2.040425531914893,1.7374468085106376,1.6391631941650284,-0.22276595744680794
result_sim_abr_fcc-test_070_test_fcc_trace_14731_http---www.facebook.com_720_0,0.12765957446808504,0.3131367725489125,0.38617021276595753,0.3409439668804507,0.1707712933526595,0.3505996018414831,0.020921731989548043,0.16577840487744183,-0.21539891941329803
result_sim_abr_fcc-test_081_test_fcc_trace_14731_http---www.facebook.com_360_0,0.05592707591027851,0.29688724422274204,0.3785106382978724,0.28716546412237354,0.1634543471770014,0.36933398147205543,0.13744200604854856,0.3287234042553192,-0.215056291120871
result_sim_abr_fcc-test_098_trace_939562_http---www.google.com-mobile-_320,2.0021276595744673,1.7219148936170208,2.0855319148936164,1.8074468085106374,1.8765957446808503,2.342553191489361,1.8512765957446802,1.9497020791545698,-0.20893617021276611
result_sim_abr_fcc-test_066_test_fcc_trace_805712_http---www.facebook.com_1140_0,0.9574468085106386,1.0248936170212768,1.2042553191489365,1.1706382978723406,1.0648936170212768,1.1682471189794814,1.0623873880296117,1.0480851063829788,-0.13936170212765964
result_sim_abr_fcc-test_044_trace_8747_http---www.amazon.com_320,1.5159574468085104,1.67595744680851,1.8708510638297864,1.6514893617021271,1.7355319148936164,1.9223157463651175,1.6268085106382972,1.4999930186374923,-0.13531914893617003
result_sim_abr_fcc-test_061_trace_806172_http---www.amazon.com_0,1.2776595744680852,1.3865957446808512,1.6355319148936165,1.4491489361702128,1.510851063829787,1.5120861981241984,1.4121276595744678,1.4015858407100548,-0.12468085106382953
result_sim_abr_fcc-test_026_trace_665192_http---www.facebook.com_640,1.4797872340425529,1.4165957446808513,1.7744680851063825,1.549574468085106,1.6665957446808506,1.891489361702127,1.5146808510638294,1.3343658939743077,-0.10787234042553195
result_sim_abr_fcc-test_021_test_fcc_trace_14731_http---www.facebook.com_300_0,0.1563829787234042,0.3765957446808511,0.3765957446808511,0.29984615727160635,0.2701952024518179,0.3861702127659575,-0.122134204808832,0.26866128388068633,-0.10640054222903322
result_sim_abr_fcc-test_041_test_fcc_trace_5554_http---www.amazon.com_1200_0,0.7117021276595744,0.795001584977173,0.8414893617021277,0.6817949041114707,0.7528248823174715,0.5813667979035847,0.25895590203003405,0.7731914893617021,-0.08866447938465627
result_sim_abr_fcc-test_031_trace_849842_http---www.facebook.com_640,0.14680851063829783,0.3899387919181535,0.3995744680851064,0.40340425531914903,0.3124425508916044,0.43404255319148943,0.3976595744680852,0.3517021276595745,-0.087131917193502
result_sim_abr_fcc-test_023_trace_942092_http---www.facebook.com_0,1.5670212765957439,1.207021276595745,1.5210638297872339,1.4040425531914895,1.437872340425532,1.5829995242632537,1.2953191489361704,1.407872340425532,-0.08319148936170184
result_sim_abr_fcc-test_091_trace_11332_http---www.facebook.com_960,0.13723404255319144,0.3002282956880034,0.39957446808510644,0.39000000000000007,0.31993289112906437,0.3941180555453381,0.003780398112188177,0.3421276595744681,-0.07964157695604207
result_sim_abr_fcc-test_022_trace_7451_http---www.yahoo.com_960,0.6734042553191489,0.860425531914894,0.891489361702128,0.7782978723404256,0.8151063829787235,0.6328653527491657,0.8142553191489365,0.8029787234042555,-0.0763829787234045
result_sim_abr_fcc-test_011_test_fcc_trace_5554_http---www.amazon.com_360_0,0.2042553191489362,0.4665957446808511,0.47042553191489367,0.42317748445115555,0.3955385682675833,0.4015468179425988,0.43021276595744684,0.3623410357188501,-0.07488696364731035
result_sim_abr_fcc-test_028_trace_663494_http---www.facebook.com_960,1.3595744680851065,1.4425531914893615,1.7953191489361693,1.6312765957446804,1.7231914893617013,1.8606382978723395,1.7023404255319143,1.5548936170212762,-0.07212765957446798
result_sim_abr_fcc-test_004_trace_901648_http---www.amazon.com_960,2.0031914893617015,1.8799999999999997,2.0051063829787226,1.8542553191489355,1.9361702127659566,1.4442048367912894,1.789361702127659,1.947234042553191,-0.06893617021276599
result_sim_abr_fcc-test_092_test_fcc_trace_216810_http---www.facebook.com_780_0,0.7734042553191489,1.2176595744680854,1.1655319148936172,1.147625455712556,1.1083130015834295,1.1414893617021278,0.827161154791165,1.0185106382978724,-0.05721891331018769
result_sim_abr_fcc-test_032_test_fcc_trace_805712_http---www.facebook.com_60_0,0.9797872340425534,0.9591489361702132,1.1406382978723406,1.074612549932752,1.0858891456774329,1.2329787234042557,1.0865957446808512,0.9827659574468086,-0.054749152194907724
result_sim_abr_fcc-test_015_test_fcc_trace_805712_http---www.facebook.com_720_0,0.9053191489361703,1.0259574468085109,1.227872340425532,1.135957446808511,1.1778723404255322,1.1268530149173253,1.1531914893617023,1.097872340425532,-0.04999999999999982
result_sim_abr_fcc-test_030_test_fcc_trace_216810_http---www.facebook.com_120_0,1.1510638297872344,1.3759574468085107,1.5136170212765958,1.4,1.4717021276595745,1.1265994637188297,1.3629787234042552,1.15307419419586,-0.041914893617021276
result_sim_abr_fcc-test_019_trace_7540_http---www.yahoo.com_0,0.6542553191489362,0.8257446808510641,0.7974468085106384,0.7806382978723405,0.7557446808510639,0.7403748448077777,0.7825531914893618,0.7229787234042553,-0.041702127659574484
result_sim_abr_fcc-test_080_test_fcc_trace_215364_http---www.ebay.com_420_0,0.5489361702127659,0.6994419111608814,0.6555346883165359,0.7334042553191489,0.613865534714446,0.6557638055859797,0.23785345869692262,0.6768085106382978,-0.04166915360208989
result_sim_abr_fcc-test_055_trace_806172_http---www.amazon.com_960,1.3287234042553193,1.3419148936170213,1.5287234042553188,1.4648936170212765,1.4887234042553188,1.531914893617021,1.4823404255319148,1.3422526833345825,-0.040000000000000036
result_sim_abr_fcc-test_012_trace_939562_http---www.google.com-mobile-_0,1.768085106382978,1.8244680851063826,2.0061702127659564,1.86127659574468,1.9674468085106376,2.1542553191489353,1.9261702127659568,1.9317021276595738,-0.03872340425531884
result_sim_abr_fcc-test_054_test_fcc_trace_805712_http---www.facebook.com_360_0,0.9617021276595746,1.0100000000000002,1.150425531914894,1.0374468085106385,1.1127659574468087,1.2167413103579339,1.0531914893617025,1.0459574468085109,-0.03765957446808521
result_sim_abr_fcc-test_069_trace_939618_http---www.amazon.com_960,0.8127659574468087,0.8834042553191491,1.0459574468085109,0.9690566533638476,1.0108510638297874,1.1234042553191492,0.9174468085106385,0.9429787234042555,-0.03510638297872348
result_sim_abr_fcc-test_001_test_fcc_trace_215364_http---www.ebay.com_600_0,0.5106382978723405,0.7785106382978724,0.7914893617021278,0.732340425531915,0.7565957446808511,0.7296111421494746,0.7646808510638299,0.6763829787234042,-0.03489361702127669
result_sim_abr_fcc-test_067_test_fcc_trace_27175_http---www.amazon.com_1320_0,0.35142275080670404,0.5642553191489362,0.5527659574468086,0.5451255572011704,0.5214352908887026,0.6351063829787233,0.5163829787234042,0.4980851063829787,-0.03133066655810601
result_sim_abr_fcc-test_037_test_fcc_trace_215364_http---www.ebay.com_840_0,0.5808785891693224,0.8072340425531916,0.7768085106382979,0.7270212765957447,0.7493617021276596,0.8978723404255321,0.7076595744680851,0.6967790068833747,-0.0274468085106383
result_sim_abr_fcc-test_065_trace_799448_http---www.facebook.com_320,0.5968085106382979,0.7985106382978724,0.794468085106383,0.7765957446808511,0.767872340425532,0.7648936170212765,0.7925531914893618,0.734468085106383,-0.02659574468085102
result_sim_abr_fcc-test_082_trace_26689_http---www.amazon.com_640,1.1648936170212767,0.9008510638297876,0.9414893617021279,0.8217021276595746,0.9153191489361705,1.2574468085106385,0.9287234042553194,0.8693617021276596,-0.026170212765957435
result_sim_abr_fcc-test_029_test_fcc_trace_5554_http---www.amazon.com_1080_0,0.5591242981352429,0.6389361702127659,0.6717021276595745,0.6014893617021275,0.6482978723404256,0.7585106382978724,0.5719148936170212,0.5874468085106384,-0.023404255319148914
result_sim_abr_fcc-test_051_test_fcc_trace_805712_http---www.facebook.com_1500_0,0.9840425531914897,1.0600000000000003,1.1129787234042556,1.074996574497095,1.0897872340425532,1.240425531914894,1.0746808510638302,1.0223404255319148,-0.023191489361702455
result_sim_abr_fcc-test_018_trace_806172_http---www.amazon.com_320,0.5680851063829788,0.7136170212765957,0.7385106382978723,0.7057446808510639,0.7161702127659575,0.75,0.7059574468085106,0.6170212765957447,-0.022340425531914843
result_sim_abr_fcc-test_062_trace_797700_http---www.yahoo.com_320,0.17175326834104104,0.4202362026869781,0.42255319148936177,0.41221047917164216,0.40083580161171095,0.46276595744680865,0.1757327558956539,0.3602487960524555,-0.021717389877650817
result_sim_abr_fcc-test_002_trace_939592_http---www.facebook.com_640,1.1936170212765957,1.1782978723404258,1.281063829787234,1.2485106382978726,1.2593961551878234,1.427659574468085,1.1727659574468088,1.1395744680851065,-0.021667674599410658
result_sim_abr_fcc-test_034_trace_797466_http---www.amazon.com_320,0.36702127659574474,0.5795744680851065,0.5795744680851064,0.5987234042553192,0.5636892199821997,0.28066714138687743,0.5872340425531914,0.47244804160714543,-0.0158852481029067
result_sim_abr_fcc-test_090_trace_663494_http---www.facebook.com_640,1.2382978723404259,1.3310638297872341,1.419787234042553,1.3946808510638298,1.4042553191489362,1.202697263064813,1.3193617021276598,1.2940049747456104,-0.015531914893616827
result_sim_abr_fcc-test_095_trace_8996_http---www.facebook.com_320,-0.2633169359398597,0.3740226705440594,0.42255319148936177,0.4088925345376346,0.4075061857192221,0.2657644625767241,0.19181923187308075,0.3861702127659575,-0.015047005770139676
result_sim_abr_fcc-test_064_trace_10730_http---www.facebook.com_1280,0.15821550300768347,0.3440425531914894,0.3593617021276596,0.37276595744680857,0.3451876316834973,0.37212690552916267,0.3344680851063831,0.3248936170212766,-0.014174070444162301
result_sim_abr_fcc-test_079_test_fcc_trace_14731_http---www.facebook.com_1380_0,0.11487487677185314,0.18325534403384336,0.37851063829787235,0.29073074338875016,0.36702127659574474,0.2705894961079717,0.2880487120693167,0.2722238116323341,-0.01148936170212761
result_sim_abr_fcc-test_000_trace_942154_http---www.ebay.com_0,0.3095744680851064,0.45590257953332325,0.5240425531914894,0.5240425531914894,0.514468085106383,0.4313816821824671,0.4838297872340426,0.44361702127659586,-0.009574468085106425
result_sim_abr_fcc-test_007_test_fcc_trace_14731_http---www.facebook.com_1080_0,0.1563829787234042,0.33446808510638304,0.3708510638297873,0.3481445215269622,0.36127659574468085,0.34712555649632526,0.26035266907184007,0.16136130882473435,-0.009574468085106425
result_sim_abr_fcc-test_052_test_fcc_trace_14731_http---www.facebook.com_420_0,-0.047171750510349,0.3459574468085107,0.36510638297872344,0.347872340425532,0.3574468085106383,0.3118444451985324,0.33829787234042563,0.31723404255319154,-0.0076595744680851285
result_sim_abr_fcc-test_046_trace_7190_http---www.yahoo.com_1280,0.5202127659574468,0.8434042553191492,0.8204255319148939,0.8282978723404255,0.8140425531914894,0.8840425531914896,0.7734277015830138,0.7459574468085106,-0.006382978723404431
result_sim_abr_fcc-test_086_trace_941778_http---www.youtube.com_320,0.18510638297872342,0.4110638297872341,0.42255319148936177,0.44361702127659575,0.41704273757455324,0.22807506064209954,0.4034042553191489,0.368936170212766,-0.005510453914808533
result_sim_abr_fcc-test_075_trace_7451_http---www.yahoo.com_640,0.8457446808510641,0.8948936170212768,0.8972340425531916,0.8708510638297874,0.8927659574468088,0.8800451044331552,0.844468085106383,0.8187234042553193,-0.0044680851063828575
result_sim_abr_fcc-test_039_trace_866_http---www.amazon.com_1280,0.6648936170212766,0.7125531914893617,0.7227659574468086,0.7070212765957447,0.7185106382978723,0.8117021276595747,0.694468085106383,0.6038297872340426,-0.004255319148936287
result_sim_abr_fcc-test_010_test_fcc_trace_14731_http---www.facebook.com_1140_0,0.14680851063829783,0.24344975828257706,0.38042553191489364,0.33605273467356334,0.3765957446808511,0.36773706224098174,0.12306368823412517,0.26345758593776514,-0.0038297872340425365
result_sim_abr_fcc-test_084_trace_849842_http---www.facebook.com_1280,0.13723404255319144,0.39957446808510644,0.40340425531914903,0.3976595744680852,0.3996732640989906,0.40093472494432697,0.37276595744680857,0.29188196927963755,-0.0037309912201584083
result_sim_abr_fcc-test_099_trace_925800_http---www.ebay.com_320,0.625531914893617,0.6485106382978724,0.6308510638297873,0.6312765957446809,0.6274468085106383,0.6605010742923632,0.5968085106382979,0.5270212765957447,-0.0034042553191490077
result_sim_abr_fcc-test_035_trace_7289_http---www.yahoo.com_320,0.6829787234042554,0.8404255319148939,0.8436170212765959,0.8242553191489363,0.8423404255319152,0.9065166036174567,0.7788784304104458,0.7342553191489362,-0.001276595744680642
result_sim_abr_fcc-test_006_trace_7256_http---www.facebook.com_640,0.21382978723404256,0.4512765957446809,0.4474468085106384,0.45702127659574476,0.44656463183123307,0.46325927459356825,-0.22247362761722997,0.35078671445223397,-0.0008821766794053221
result_sim_abr_fcc-test_025_test_fcc_trace_215364_http---www.ebay.com_1020_0,0.548936170212766,0.8087234042553193,0.7742553191489363,0.7738297872340427,0.7744680851063831,0.874468085106383,0.7806382978723405,0.652127659574468,0.00021276595744679216
result_sim_abr_fcc-test_014_trace_849842_http---www.facebook.com_960,0.16595744680851057,0.41680851063829794,0.4359574468085107,0.41784260260928513,0.43978723404255327,0.13526888986992439,0.39574468085106385,0.34511494992925423,0.003829787234042592
result_sim_abr_fcc-test_059_trace_941752_http---www.facebook.com_0,0.3861702127659576,0.47657790203892836,0.5163829787234043,0.24251981937127046,0.5202127659574469,0.5393617021276597,0.4906382978723404,0.4427659574468086,0.003829787234042592
result_sim_abr_fcc-test_060_test_fcc_trace_215364_http---www.ebay.com_1140_0,0.6351063829787233,0.8223404255319153,0.7734042553191489,0.697340290906112,0.7785106382978725,0.8117021276595744,0.7995744680851065,0.6868085106382977,0.005106382978723567
result_sim_abr_fcc-test_089_test_fcc_trace_215364_http---www.ebay.com_60_0,0.7308510638297872,0.8640425531914895,0.8381710427386198,0.8510638297872342,0.8465957446808512,0.7983480372015863,0.8610638297872344,0.5618549923428711,0.008424701942231438
result_sim_abr_fcc-test_009_test_fcc_trace_27175_http---www.amazon.com_420_0,0.4436170212765958,0.5680851063829787,0.5451063829787234,0.5604255319148936,0.5546808510638298,0.2995022941970295,0.5508510638297872,0.4723404255319149,0.009574468085106425
result_sim_abr_fcc-test_040_trace_799448_http---www.facebook.com_1280,0.9319148936170214,0.9408510638297877,0.9027659574468089,0.902340425531915,0.9140588603704941,0.9306467120922258,0.8908510638297875,0.8793617021276597,0.011292902923685233
result_sim_abr_fcc-test_096_trace_925806_http---www.amazon.com_640,0.04512684485431831,0.45702127659574465,0.43212765957446814,0.44052979006004467,0.44361702127659575,0.4182516417710768,0.27779199391363363,0.3727659574468085,0.01148936170212761
result_sim_abr_fcc-test_016_trace_11332_http---www.facebook.com_640,0.11808510638297866,0.3702261031864467,0.41297872340425534,0.43212765957446814,0.42446808510638306,0.4244680851063831,0.3380655778411956,0.29052629312271167,0.01148936170212772
result_sim_abr_fcc-test_076_trace_805936_http---www.youtube.com_640,0.3861702127659576,0.5814893617021276,0.535531914893617,0.583404255319149,0.5473426636540997,0.6159574468085106,0.5557446808510639,0.4619148936170213,0.011810748760482714
result_sim_abr_fcc-test_071_trace_7256_http---www.facebook.com_960,0.1946808510638298,0.4233031931422803,0.43787234042553197,0.44553191489361704,0.451419012263114,0.47234042553191496,0.44553191489361704,0.34655726635712203,0.013546671837582014
result_sim_abr_fcc-test_042_trace_14679_http---www.facebook.com_0,0.08936170212765956,0.3292456421865886,0.41297872340425534,0.39866989023226257,0.42829787234042566,0.22775874725142123,0.09568617182920298,0.3765957446808511,0.015319148936170313
result_sim_abr_fcc-test_045_test_fcc_trace_27175_http---www.amazon.com_240_0,0.7170212765957448,0.6014893617021276,0.6217021276595744,0.6025531914893616,0.6429787234042552,0.826595744680851,0.5972340425531915,0.5585106382978723,0.02127659574468077
result_sim_abr_fcc-test_094_test_fcc_trace_14731_http---www.facebook.com_1020_0,0.1563829787234042,0.33867234753550546,0.3612765957446809,0.37690652561172866,0.3861702127659575,0.4053191489361702,0.34021276595744687,0.3153191489361703,0.02489361702127657
result_sim_abr_fcc-test_005_trace_13562_http---www.facebook.com_320,0.1851063829787234,0.4091489361702128,0.4006382978723405,0.32051151253468635,0.42638297872340425,0.44361702127659586,0.03790679961848009,0.3585106382978724,0.02574468085106374
result_sim_abr_fcc-test_078_trace_8747_http---www.amazon.com_960,0.5085106382978724,0.35141103789309813,0.6421276595744682,0.6625531914893618,0.6702127659574468,0.6650518727438567,0.6247870367161396,0.5631914893617023,0.028085106382978675
result_sim_abr_fcc-test_058_trace_797700_http---www.yahoo.com_960,0.17471461642620043,0.49914893617021283,0.48,0.5106382978723405,0.5106382978723405,0.27432778915560607,0.45510638297872336,0.40638297872340434,0.030638297872340514
result_sim_abr_fcc-test_088_trace_10322_http---edition.cnn.com_960,0.6351063829787235,0.6944680851063829,0.6617021276595745,0.6561702127659574,0.694468085106383,0.6822667213425503,0.6619148936170213,0.5695744680851064,0.03276595744680855
result_sim_abr_fcc-test_073_test_fcc_trace_5554_http---www.amazon.com_720_0,0.6351063829787235,0.7710638297872342,0.6906382978723403,0.7061702127659576,0.7234042553191491,0.7347465780897294,0.7517021276595746,0.6123404255319149,0.03276595744680877
result_sim_abr_fcc-test_057_test_fcc_trace_14731_http---www.facebook.com_1320_0,0.13357816220669036,0.2944063308184866,0.347872340425532,0.38122115784787136,0.38617021276595753,0.36389677789484653,0.32125686560160804,0.27193076914141723,0.03829787234042553
result_sim_abr_fcc-test_017_trace_7451_http---www.yahoo.com_320,0.7404255319148936,0.892553191489362,0.8336170212765959,0.8480851063829788,0.8878723404255322,0.7979701018425537,0.8438297872340428,0.7506382978723405,0.05425531914893633
result_sim_abr_fcc-test_043_trace_8299_http---www.amazon.com_640,1.625531914893617,2.075531914893616,2.041496845918583,2.0670212765957436,2.114680851063829,1.3839755144972814,2.1726189136797354,1.203008688912337,0.07318400514524592
result_sim_abr_fcc-test_056_test_fcc_trace_27175_http---www.amazon.com_600_0,0.7491241568352479,0.5768469590987533,0.5536170212765957,0.6894370611228361,0.6296498270802828,0.710330603063106,0.5805008909100701,0.4904255319148937,0.0760328058036871
result_sim_abr_fcc-test_003_trace_215252_http---www.msn.com_640,1.1787234042553194,1.1336170212765961,1.2297872340425533,1.2921276595744682,1.316808510638298,1.4074468085106384,1.1468085106382981,1.1395721079827215,0.08702127659574477
result_sim_abr_fcc-test_097_test_fcc_trace_805712_http---www.facebook.com_1200_0,0.919148936170213,1.0574468085106385,1.0876595744680853,1.1431914893617023,1.1851063829787236,1.2279145737757224,1.1174468085106386,1.102127659574468,0.09744680851063836
result_sim_abr_fcc-test_024_test_fcc_trace_216810_http---www.facebook.com_1140_0,0.8203933319409603,1.2583969198605645,0.9763828304358725,0.6539124569988684,1.0869475955426489,0.19368033543218274,0.9561977713575958,0.33692553175520823,0.11056476510677637
result_sim_abr_fcc-test_048_trace_806172_http---www.amazon.com_1280,0.65,0.8924122237393076,0.7949079213827593,1.0295744680851064,0.9497872340425534,0.999315910869211,0.8504236315255426,0.8149315191854287,0.15487931265979404
result_sim_abr_fcc-test_072_test_fcc_trace_216810_http---www.facebook.com_1440_0,1.0516458318632391,1.4217021276595745,1.3848557047663745,1.5978723404255313,1.5627659574468082,1.032922395034069,1.5241828542988674,0.07935419218172254,0.1779102526804337
result_sim_abr_fcc-test_083_test_fcc_trace_216810_http---www.facebook.com_300_0,1.2297872340425533,1.5248936170212761,1.5287694617267682,1.6169184125552136,1.8014893617021268,1.0474305789310832,1.5319148936170208,1.0558045366810709,0.2727198999753586
result_sim_abr_fcc-test_038_trace_216826_http---www.amazon.com_640,1.2372340425531914,0.782940243022175,0.5067479167315513,0.7907027724417885,0.8460459510485399,0.9416343216675535,0.6918392257465674,0.1761375218875496,0.3392980343169886
result_sim_abr_fcc-test_068_trace_901648_http---www.amazon.com_640,0.9478723404255323,1.270116686190841,0.5801603717561786,0.6531059930716202,0.9197170028950422,0.07948290933315652,0.7365638961931756,0.0031446613668394295,0.3395566311388636
result_sim_abr_fcc-test_047_trace_8299_http---www.amazon.com_0,1.7872340425531914,2.0151368406606958,0.9018658694204313,1.163037815724723,1.4398902406485345,0.06285264176757573,1.3087776610909807,0.42304027314079135,0.5380243712281032
result_sim_abr_fcc-test_050_trace_207336_http---www.amazon.com_1280,0.8531914893617019,1.0585106382978726,0.42458038000695664,1.1161702127659576,1.0229665223888742,0.518885554975826,0.8805879004688746,0.859892191103989,0.5983861423819176
result_sim_abr_fcc-test_036_trace_216826_http---www.amazon.com_960,1.0978723404255317,0.4749161460201329,0.21325124347222485,0.3598915832390886,0.9860034514397983,-0.5251185126369708,-0.1569392188403977,0.026891419371344937,0.7727522079675735
result_sim_abr_fcc-test_074_test_fcc_trace_27175_http---www.amazon.com_1140_0,1.585106382978723,0.1323860835022757,-0.0011840889092422924,0.7326141252076489,0.852203927666166,0.16541833568346814,1.7446384870624467,-0.08150902812044927,0.8533880165754083
result_sim_abr_fcc-test_008_test_fcc_trace_27175_http---www.amazon.com_480_0,0.8095902717208007,0.9782978723404255,0.06995946959441449,1.0055174420002349,0.9931914893617023,0.08922069146899285,1.0304255319148938,-0.0812009533532451,0.9232320197672879
result_sim_abr_fcc-test_013_trace_8299_http---www.amazon.com_1280,0.2712424727707632,1.0906382978723406,-0.21160682257428393,0.8659018219815169,1.1246714241552278,0.5821908502046157,1.1335521157637758,0.4906723058344964,1.3362782467295118
result_sim_abr_fcc-test_053_trace_8299_http---www.amazon.com_960,1.0627659574468082,-0.21986104561032344,-0.9643144076977063,0.6230043943714676,0.48162180367613133,-0.6377066615692789,-0.3084404382014,0.4693173430734968,1.4459362113738377
result_sim_abr_fcc-test_020_trace_28838_http---www.amazon.com_1280,1.0397532193104466,-1.1930417240317033,-1.2676368445561808,0.3833588660994672,0.5600851241809979,1.0427377971463232,-0.49258062726536894,0.6939295578040098,1.8277219687371786
