trace,trace_key,genet_reward,final_reward,reward_gain,genet_bitrate,final_bitrate,genet_rebuf,final_rebuf,genet_smooth,final_smooth
result_sim_abr_fcc-test_074_test_fcc_trace_27175_http---www.amazon.com_1140_0,074_test_fcc_trace_27175_http---www.amazon.com_1140_0,0.06049102829050377,-4.506495694849284,-4.566986723139788,2023.9583333333333,2188.5416666666665,0.42832973532553353,1.4893683786761633,0.15729166666666666,0.23125000000000004
result_sim_abr_fcc-test_024_test_fcc_trace_216810_http---www.facebook.com_1140_0,024_test_fcc_trace_216810_http---www.facebook.com_1140_0,1.1223404255319145,-2.3414517648361097,-3.463792190368024,1211.4583333333333,1482.2916666666667,0.012326293617139215,0.8337809106098578,0.10625,0.23645833333333333
result_sim_abr_fcc-test_033_test_fcc_trace_216810_http---www.facebook.com_480_0,033_test_fcc_trace_216810_http---www.facebook.com_480_0,0.9595744680851068,-1.9450592837132539,-2.904633751798361,978.125,1273.9583333333333,0.03290529564652372,0.7321193767246387,0.03229166666666667,0.165625
result_sim_abr_fcc-test_020_trace_28838_http---www.amazon.com_1280,020_trace_28838_http---www.amazon.com_1280,-2.0545172162432386,-4.0133609204178855,-1.958843704174647,1398.9583333333333,1482.2916666666667,0.7849784142163042,1.2482325522793296,0.16666666666666666,0.17604166666666665
result_sim_abr_fcc-test_048_trace_806172_http---www.amazon.com_1280,048_trace_806172_http---www.amazon.com_1280,0.8585106382978726,-0.8954556893258444,-1.753966327623717,930.2083333333334,1043.75,0.19982859029226321,0.6181251862143305,0.08333333333333333,0.11562500000000002
result_sim_abr_fcc-test_032_test_fcc_trace_805712_http---www.facebook.com_60_0,032_test_fcc_trace_805712_http---www.facebook.com_60_0,0.94468085106383,-0.6414967106166227,-1.5861775616804528,963.5416666666666,1191.6666666666667,0.03794378419166195,0.4330520467836254,0.03229166666666667,0.11458333333333333
result_sim_abr_fcc-test_076_trace_805936_http---www.youtube.com_640,076_trace_805936_http---www.youtube.com_640,0.4436170212765958,-1.0086590307863574,-1.4522760520629532,506.25,609.375,0.05631946558171035,0.41536488441387515,0.065625,0.046875
result_sim_abr_fcc-test_027_test_fcc_trace_27175_http---www.amazon.com_660_0,027_test_fcc_trace_27175_http---www.amazon.com_660_0,0.4932497364016705,-0.916176988422612,-1.4094267248242824,890.625,1171.875,0.06661099865046231,0.4512672780435887,0.15208333333333335,0.15937500000000002
result_sim_abr_fcc-test_081_test_fcc_trace_14731_http---www.facebook.com_360_0,081_test_fcc_trace_14731_http---www.facebook.com_360_0,0.30957446808510647,-0.9318296014902354,-1.2414040695753419,328.125,393.75,0.052784423179160024,0.3463696522006767,0.01875,0.0375
result_sim_abr_fcc-test_047_trace_8299_http---www.amazon.com_0,047_trace_8299_http---www.amazon.com_0,-0.0900835997941776,-1.3176377354306623,-1.2275541356364847,2135.4166666666665,2222.9166666666665,0.4740759889909493,0.7286546923577845,0.2125,0.4072916666666666
result_sim_abr_fcc-test_042_trace_14679_http---www.facebook.com_0,042_trace_14679_http---www.facebook.com_0,0.347872340425532,-0.832114335251278,-1.17998667567681,384.375,450.0,0.04904311908795187,0.32428233302598514,0.0375,0.075
result_sim_abr_fcc-test_052_test_fcc_trace_14731_http---www.facebook.com_420_0,052_test_fcc_trace_14731_http---www.facebook.com_420_0,0.3095744680851064,-0.7383814103840903,-1.0479558784691967,328.125,393.75,0.05325790802764486,0.3049726671751848,0.01875,0.028125
result_sim_abr_fcc-test_051_test_fcc_trace_805712_http---www.facebook.com_1500_0,051_test_fcc_trace_805712_http---www.facebook.com_1500_0,0.8755319148936171,-0.16471219881629826,-1.0402441137099154,956.25,1158.3333333333333,0.018084048320314166,0.2966280083220875,0.09270833333333334,0.11562500000000002
result_sim_abr_fcc-test_036_trace_216826_http---www.amazon.com_960,036_trace_216826_http---www.amazon.com_960,0.1681743557950809,-0.8304164271511677,-0.9985907829462486,1272.9166666666667,1381.25,0.2147171449143168,0.4900745421937436,0.21354166666666666,0.11562499999999999
result_sim_abr_fcc-test_014_trace_849842_http---www.facebook.com_960,014_trace_849842_http---www.facebook.com_960,0.3765957446808511,-0.5806885934760745,-0.9572843381569256,393.75,440.625,0.04960318172527083,0.2610487432241832,0.01875,0.09375
result_sim_abr_fcc-test_068_trace_901648_http---www.amazon.com_640,068_trace_901648_http---www.amazon.com_640,1.0770656971361317,0.17360329279345482,-0.9034624043426769,1214.5833333333333,1320.8333333333333,0.014967662647637768,0.24104679541946827,0.13854166666666667,0.1572916666666667
result_sim_abr_fcc-test_092_test_fcc_trace_216810_http---www.facebook.com_780_0,092_test_fcc_trace_216810_http---www.facebook.com_780_0,0.8925531914893613,0.0038214795180140843,-0.8887317119713473,963.5416666666666,1345.8333333333333,0.027225544922913347,0.3143882894125129,0.08333333333333333,0.10104166666666665
result_sim_abr_fcc-test_095_trace_8996_http---www.facebook.com_320,095_trace_8996_http---www.facebook.com_320,0.3382978723404256,-0.5350537527346806,-0.8733516250751061,356.25,431.25,0.05029410872236805,0.26224917838578854,0.01875,0.0375
result_sim_abr_fcc-test_043_trace_8299_http---www.amazon.com_640,043_trace_8299_http---www.amazon.com_640,1.7127659574468086,0.8672855521981495,-0.8454804052486591,1871.875,2246.875,0.01249558745621243,0.2762435479537269,0.1885416666666667,0.25729166666666664
result_sim_abr_fcc-test_008_test_fcc_trace_27175_http---www.amazon.com_480_0,008_test_fcc_trace_27175_http---www.amazon.com_480_0,0.8324715301897772,0.04281884616976886,-0.7896526840200083,1027.0833333333333,1052.0833333333333,0.074636733075637,0.22780376868096833,0.053125000000000006,0.19270833333333334
result_sim_abr_fcc-test_080_test_fcc_trace_215364_http---www.ebay.com_420_0,080_test_fcc_trace_215364_http---www.ebay.com_420_0,0.625531914893617,-0.017066545352751736,-0.6425984602463688,646.875,721.875,0.02952101608187134,0.18457008406432932,0.028125,0.065625
result_sim_abr_fcc-test_075_trace_7451_http---www.yahoo.com_640,075_trace_7451_http---www.yahoo.com_640,0.8127659574468086,0.208143284166896,-0.6046226732799126,866.6666666666666,879.1666666666666,0.02822301755711677,0.15694038986407358,0.06458333333333334,0.11562499999999999
result_sim_abr_fcc-test_070_test_fcc_trace_14731_http---www.facebook.com_720_0,070_test_fcc_trace_14731_http---www.facebook.com_720_0,0.331456130779759,-0.04874693261613743,-0.38020306339589643,346.875,393.75,0.05982756035387615,0.14640480831708902,0.009375,0.05625
result_sim_abr_fcc-test_049_trace_665208_http---www.yahoo.com_0,049_trace_665208_http---www.yahoo.com_0,2.202127659574468,1.826595744680851,-0.3755319148936169,2313.5416666666665,2252.0833333333335,0.012166457932093942,0.012166457932093942,0.15104166666666666,0.45729166666666665
result_sim_abr_fcc-test_021_test_fcc_trace_14731_http---www.facebook.com_300_0,021_test_fcc_trace_14731_http---www.facebook.com_300_0,0.29993375375729364,-0.06163988919667567,-0.3615736429539693,337.5,375.0,0.06087073303413573,0.15192674669128958,0.0375,0.0375
result_sim_abr_fcc-test_030_test_fcc_trace_216810_http---www.facebook.com_120_0,030_test_fcc_trace_216810_http---www.facebook.com_120_0,1.2904255319148938,0.9640111715458898,-0.32641436036900406,1322.9166666666667,1516.6666666666667,0.027819937440500476,0.13267204469507018,0.053125,0.11562499999999999
result_sim_abr_fcc-test_041_test_fcc_trace_5554_http---www.amazon.com_1200_0,041_test_fcc_trace_5554_http---www.amazon.com_1200_0,0.7308510638297873,0.40980131146839377,-0.3210497523613935,740.625,780.2083333333334,0.044920152946468735,0.11875415663341393,0.01875,0.05520833333333334
result_sim_abr_fcc-test_082_trace_26689_http---www.amazon.com_640,082_trace_26689_http---www.amazon.com_640,0.7021276595744681,0.45539205383824294,-0.24673560573622516,721.875,923.9583333333334,0.014017702627028514,0.0958809461813046,0.028125,0.11979166666666667
result_sim_abr_fcc-test_011_test_fcc_trace_5554_http---www.amazon.com_360_0,011_test_fcc_trace_5554_http---www.amazon.com_360_0,0.3574468085106383,0.1294737217726505,-0.2279730867379878,403.125,440.625,0.044951267056530214,0.101224208319541,0.046875,0.065625
result_sim_abr_fcc-test_096_trace_925806_http---www.amazon.com_640,096_trace_925806_http---www.amazon.com_640,0.3382978723404256,0.14094174984545146,-0.1973561224949741,365.625,440.625,0.04575903858658618,0.1081414889609262,0.028125,0.028125
result_sim_abr_fcc-test_085_test_fcc_trace_27175_http---www.amazon.com_840_0,085_test_fcc_trace_27175_http---www.amazon.com_840_0,2.113829787234042,1.9308510638297869,-0.18297872340425503,2231.25,2181.25,0.008875581046633678,0.008875581046633678,0.15520833333333334,0.284375
result_sim_abr_fcc-test_077_trace_665208_http---www.yahoo.com_640,077_trace_665208_http---www.yahoo.com_640,1.7999999999999994,1.656382978723404,-0.14361702127659548,1903.125,1966.6666666666667,0.011009707181273596,0.011009707181273596,0.134375,0.3385416666666667
result_sim_abr_fcc-test_054_test_fcc_trace_805712_http---www.facebook.com_360_0,054_test_fcc_trace_805712_http---www.facebook.com_360_0,0.967021276595745,0.8627659574468084,-0.1042553191489366,1040.625,1011.4583333333334,0.03223802112808904,0.03223802112808904,0.08750000000000001,0.16041666666666668
result_sim_abr_fcc-test_087_test_fcc_trace_27175_http---www.amazon.com_780_0,087_test_fcc_trace_27175_http---www.amazon.com_780_0,2.2297872340425533,2.1478723404255318,-0.08191489361702153,2291.6666666666665,2396.875,0.09129730109925444,0.09129730109925444,0.10208333333333335,0.28750000000000003
result_sim_abr_fcc-test_060_test_fcc_trace_215364_http---www.ebay.com_1140_0,060_test_fcc_trace_215364_http---www.ebay.com_1140_0,0.6904255319148935,0.6159574468085106,-0.07446808510638292,752.0833333333334,693.75,0.034263496906517504,0.034263496906517504,0.06979166666666667,0.08437499999999999
result_sim_abr_fcc-test_061_trace_806172_http---www.amazon.com_0,061_trace_806172_http---www.amazon.com_0,1.3829787234042554,1.320212765957447,-0.06276595744680846,1434.375,1446.875,0.016586212990808695,0.016586212990808695,0.07395833333333333,0.14791666666666667
result_sim_abr_fcc-test_067_test_fcc_trace_27175_http---www.amazon.com_1320_0,067_test_fcc_trace_27175_http---www.amazon.com_1320_0,0.4819148936170212,0.43404255319148943,-0.04787234042553179,525.0,515.625,0.038538491036334006,0.038538491036334006,0.046875,0.08437500000000002
result_sim_abr_fcc-test_098_trace_939562_http---www.google.com-mobile-_320,098_trace_939562_http---www.google.com-mobile-_320,1.7755319148936164,1.7351063829787228,-0.04042553191489362,1885.4166666666667,1841.6666666666667,0.012714811310294274,0.012714811310294274,0.140625,0.13645833333333332
result_sim_abr_fcc-test_079_test_fcc_trace_14731_http---www.facebook.com_1380_0,079_test_fcc_trace_14731_http---www.facebook.com_1380_0,0.2954664544900887,0.2667430502347696,-0.028723404255319107,337.5,356.25,0.06515196983687288,0.06515196983687288,0.01875,0.065625
result_sim_abr_fcc-test_059_trace_941752_http---www.facebook.com_0,059_trace_941752_http---www.facebook.com_0,0.47234042553191485,0.4436170212765958,-0.02872340425531905,496.875,496.875,0.036268391022066616,0.036268391022066616,0.028125,0.05625
result_sim_abr_fcc-test_029_test_fcc_trace_5554_http---www.amazon.com_1080_0,029_test_fcc_trace_5554_http---www.amazon.com_1080_0,0.5106382978723404,0.4914893617021276,-0.019148936170212794,534.375,543.75,0.02370564355873503,0.02370564355873503,0.028125,0.05625
result_sim_abr_fcc-test_091_trace_11332_http---www.facebook.com_960,091_trace_11332_http---www.facebook.com_960,0.3191489361702128,0.30000000000000004,-0.019148936170212738,356.25,375.0,0.04877980630951769,0.04877980630951769,0.0375,0.075
result_sim_abr_fcc-test_056_test_fcc_trace_27175_http---www.amazon.com_600_0,056_test_fcc_trace_27175_http---www.amazon.com_600_0,0.5297872340425531,0.5106382978723404,-0.019148936170212738,557.2916666666666,562.5,0.03606082757398547,0.03606082757398547,0.03229166666666667,0.05625
result_sim_abr_fcc-test_006_trace_7256_http---www.facebook.com_640,006_trace_7256_http---www.facebook.com_640,0.3861702127659575,0.36702127659574474,-0.019148936170212738,412.5,412.5,0.045863587211954694,0.045863587211954694,0.028125,0.046875
result_sim_abr_fcc-test_031_trace_849842_http---www.facebook.com_640,031_trace_849842_http---www.facebook.com_640,0.34787234042553195,0.32872340425531926,-0.019148936170212683,375.0,384.375,0.04769859279536504,0.04769859279536504,0.028125,0.05625
result_sim_abr_fcc-test_028_trace_663494_http---www.facebook.com_960,028_trace_663494_http---www.facebook.com_960,1.2510638297872343,1.2325682228296515,-0.01849560695758279,1284.375,1605.2083333333333,0.02034302419763676,0.06331440756491567,0.053125000000000006,0.20729166666666665
result_sim_abr_fcc-test_064_trace_10730_http---www.facebook.com_1280,064_trace_10730_http---www.facebook.com_1280,0.3000000000000001,0.2904255319148937,-0.009574468085106425,318.75,346.875,0.16237194323118428,0.16237194323118428,0.01875,0.05625
result_sim_abr_fcc-test_000_trace_942154_http---www.ebay.com_0,000_trace_942154_http---www.ebay.com_0,0.39574468085106396,0.3861702127659576,-0.009574468085106369,431.25,478.125,0.04620843802577843,0.04620843802577843,0.0375,0.09375
result_sim_abr_fcc-test_034_trace_797466_http---www.amazon.com_320,034_trace_797466_http---www.amazon.com_320,0.4914893617021277,0.4819148936170214,-0.009574468085106314,515.625,553.125,0.036824407101057326,0.036824407101057326,0.028125,0.075
result_sim_abr_fcc-test_001_test_fcc_trace_215364_http---www.ebay.com_600_0,001_test_fcc_trace_215364_http---www.ebay.com_600_0,0.6106382978723405,0.6063829787234043,-0.004255319148936176,650.0,675.0,0.026862320410078692,0.026862320410078692,0.04583333333333334,0.075
result_sim_abr_fcc-test_088_trace_10322_http---edition.cnn.com_960,088_trace_10322_http---edition.cnn.com_960,0.5585106382978724,0.5585106382978723,-1.1102230246251565e-16,590.625,637.5,0.03180793037878261,0.03180793037878261,0.0375,0.08437499999999999
result_sim_abr_fcc-test_035_trace_7289_http---www.yahoo.com_320,035_trace_7289_http---www.yahoo.com_320,0.702127659574468,0.7021276595744681,1.1102230246251565e-16,721.875,759.375,0.02697590381107982,0.02697590381107982,0.028125,0.065625
result_sim_abr_fcc-test_065_trace_799448_http---www.facebook.com_320,065_trace_799448_http---www.facebook.com_320,0.6627659574468086,0.6638297872340425,0.0010638297872339608,701.0416666666666,712.5,0.02635021397627489,0.02635021397627489,0.04583333333333334,0.05625
result_sim_abr_fcc-test_025_test_fcc_trace_215364_http---www.ebay.com_1020_0,025_test_fcc_trace_215364_http---www.ebay.com_1020_0,0.6446808510638297,0.6489361702127661,0.004255319148936398,693.75,734.375,0.022885358049211078,0.022885358049211078,0.05625,0.09270833333333334
result_sim_abr_fcc-test_062_trace_797700_http---www.yahoo.com_320,062_trace_797700_http---www.yahoo.com_320,0.34787234042553195,0.3546312944599438,0.006758954034411846,356.25,421.875,0.040231111934653514,0.04741293926208881,0.009375,0.0375
result_sim_abr_fcc-test_007_test_fcc_trace_14731_http---www.facebook.com_1080_0,007_test_fcc_trace_14731_http---www.facebook.com_1080_0,0.28119819307923116,0.2907726611643375,0.009574468085106314,318.75,356.25,0.06061511804201856,0.06061511804201856,0.01875,0.046875
result_sim_abr_fcc-test_097_test_fcc_trace_805712_http---www.facebook.com_1200_0,097_test_fcc_trace_805712_http---www.facebook.com_1200_0,0.9606382978723403,0.9712765957446808,0.010638297872340496,1038.5416666666667,1012.5,0.019805225429164307,0.019805225429164307,0.09166666666666667,0.05520833333333334
result_sim_abr_fcc-test_072_test_fcc_trace_216810_http---www.facebook.com_1440_0,072_test_fcc_trace_216810_http---www.facebook.com_1440_0,1.210638297872341,1.224252971429734,0.013614673557393209,1351.0416666666667,1605.2083333333333,0.01212797497620019,0.06765176539675499,0.15937500000000002,0.16145833333333334
result_sim_abr_fcc-test_022_trace_7451_http---www.yahoo.com_960,022_trace_7451_http---www.yahoo.com_960,0.7117021276595744,0.7265957446808512,0.014893617021276784,740.625,791.6666666666666,0.02612279582626248,0.02612279582626248,0.0375,0.07395833333333333
result_sim_abr_fcc-test_063_trace_799296_http---www.amazon.com_960,063_trace_799296_http---www.amazon.com_960,1.5744680851063824,1.592553191489361,0.018085106382978555,1640.625,1764.5833333333333,0.012038503810512814,0.012038503810512814,0.09270833333333334,0.19895833333333335
result_sim_abr_fcc-test_018_trace_806172_http---www.amazon.com_320,018_trace_806172_http---www.amazon.com_320,0.625531914893617,0.6446808510638298,0.019148936170212738,665.625,684.375,0.02696679362448115,0.02696679362448115,0.046875,0.046875
result_sim_abr_fcc-test_019_trace_7540_http---www.yahoo.com_0,019_trace_7540_http---www.yahoo.com_0,0.6351063829787233,0.6542553191489361,0.019148936170212738,656.25,721.875,0.024942085292569128,0.024942085292569128,0.028125,0.075
result_sim_abr_fcc-test_010_test_fcc_trace_14731_http---www.facebook.com_1140_0,010_test_fcc_trace_14731_http---www.facebook.com_1140_0,0.3287234042553192,0.3489089667604401,0.02018556250512088,356.25,375.0,0.05348871209030328,0.055432891171017025,0.028125,0.01875
result_sim_abr_fcc-test_073_test_fcc_trace_5554_http---www.amazon.com_720_0,073_test_fcc_trace_5554_http---www.amazon.com_720_0,0.5968085106382978,0.6223404255319152,0.02553191489361739,618.75,685.4166666666666,0.02414205894273638,0.02414205894273638,0.028125,0.06979166666666667
result_sim_abr_fcc-test_084_trace_849842_http---www.facebook.com_1280,084_trace_849842_http---www.facebook.com_1280,0.3382978723404256,0.3670212765957447,0.028723404255319107,375.0,393.75,0.04692121630147455,0.04692121630147455,0.0375,0.028125
result_sim_abr_fcc-test_086_trace_941778_http---www.youtube.com_320,086_trace_941778_http---www.youtube.com_320,0.2846991404409538,0.3134225446962729,0.028723404255319107,375.0,412.5,0.06140107837694178,0.06140107837694178,0.01875,0.028125
result_sim_abr_fcc-test_089_test_fcc_trace_215364_http---www.ebay.com_60_0,089_test_fcc_trace_215364_http---www.ebay.com_60_0,0.7308510638297873,0.7595744680851064,0.028723404255319163,777.0833333333334,778.125,0.02581575836755008,0.02581575836755008,0.05520833333333333,0.028125
result_sim_abr_fcc-test_017_trace_7451_http---www.yahoo.com_320,017_trace_7451_http---www.yahoo.com_320,0.6925531914893617,0.7265957446808511,0.03404255319148941,731.25,791.6666666666666,0.025472229175130857,0.025472229175130857,0.046875,0.07395833333333333
result_sim_abr_fcc-test_037_test_fcc_trace_215364_http---www.ebay.com_840_0,037_test_fcc_trace_215364_http---www.ebay.com_840_0,0.596808510638298,0.6351063829787233,0.038297872340425365,646.875,693.75,0.023493730319388215,0.023493730319388215,0.05625,0.065625
result_sim_abr_fcc-test_094_test_fcc_trace_14731_http---www.facebook.com_1020_0,094_test_fcc_trace_14731_http---www.facebook.com_1020_0,0.30000000000000004,0.3382978723404256,0.03829787234042553,337.5,346.875,0.05804913707031808,0.05804913707031808,0.0375,0.009375
result_sim_abr_fcc-test_058_trace_797700_http---www.yahoo.com_960,058_trace_797700_http---www.yahoo.com_960,0.3574468085106383,0.39574468085106396,0.03829787234042564,412.5,431.25,0.03788147913794792,0.03788147913794792,0.05625,0.0375
result_sim_abr_fcc-test_046_trace_7190_http---www.yahoo.com_1280,046_trace_7190_http---www.yahoo.com_1280,0.6925531914893615,0.7308510638297873,0.03829787234042581,712.5,768.75,0.03251286347600492,0.03251286347600492,0.028125,0.046875
result_sim_abr_fcc-test_071_trace_7256_http---www.facebook.com_960,071_trace_7256_http---www.facebook.com_960,0.33829787234042563,0.3861702127659574,0.04787234042553179,365.625,412.5,0.045508647223949185,0.045508647223949185,0.028125,0.028125
result_sim_abr_fcc-test_057_test_fcc_trace_14731_http---www.facebook.com_1320_0,057_test_fcc_trace_14731_http---www.facebook.com_1320_0,0.19070040349099754,0.23857274391652944,0.0478723404255319,318.75,375.0,0.08605019493177375,0.08605019493177375,0.01875,0.028125
result_sim_abr_fcc-test_099_trace_925800_http---www.ebay.com_320,099_trace_925800_http---www.ebay.com_320,0.4819148936170212,0.5297872340425532,0.04787234042553201,506.25,590.625,0.03280496114210287,0.03280496114210287,0.028125,0.065625
result_sim_abr_fcc-test_009_test_fcc_trace_27175_http---www.amazon.com_420_0,009_test_fcc_trace_27175_http---www.amazon.com_420_0,0.4340425531914893,0.48191489361702133,0.04787234042553201,459.375,525.0,0.03891053756185336,0.03891053756185336,0.028125,0.046875
result_sim_abr_fcc-test_055_trace_806172_http---www.amazon.com_960,055_trace_806172_http---www.amazon.com_960,1.3085106382978724,1.3617021276595744,0.05319148936170204,1361.4583333333333,1455.2083333333333,0.01313712646744851,0.01313712646744851,0.07395833333333333,0.11562499999999999
result_sim_abr_fcc-test_005_trace_13562_http---www.facebook.com_320,005_trace_13562_http---www.facebook.com_320,0.30957446808510647,0.36702127659574474,0.05744680851063827,337.5,412.5,0.05570840896310841,0.05570840896310841,0.028125,0.046875
result_sim_abr_fcc-test_078_trace_8747_http---www.amazon.com_960,078_trace_8747_http---www.amazon.com_960,0.47127659574468095,0.5478723404255319,0.07659574468085095,592.7083333333334,644.7916666666666,0.03615907996794423,0.03615907996794423,0.125,0.10208333333333335
result_sim_abr_fcc-test_016_trace_11332_http---www.facebook.com_640,016_trace_11332_http---www.facebook.com_640,0.3000000000000001,0.3765957446808511,0.07659574468085101,318.75,403.125,0.04753026191176341,0.04753026191176341,0.01875,0.028125
result_sim_abr_fcc-test_090_trace_663494_http---www.facebook.com_640,090_trace_663494_http---www.facebook.com_640,1.1393617021276592,1.2244680851063832,0.08510638297872397,1228.125,1311.4583333333333,0.014305735529989766,0.014305735529989766,0.10625,0.10625
result_sim_abr_fcc-test_044_trace_8747_http---www.amazon.com_320,044_trace_8747_http---www.amazon.com_320,1.45531914893617,1.5531914893617016,0.0978723404255315,1611.4583333333333,1648.9583333333333,0.01164065665009513,0.01164065665009513,0.18020833333333333,0.121875
result_sim_abr_fcc-test_040_trace_799448_http---www.facebook.com_1280,040_trace_799448_http---www.facebook.com_1280,0.6914893617021277,0.796808510638298,0.10531914893617034,715.625,859.375,0.02612315039138259,0.02612315039138259,0.03229166666666667,0.07291666666666667
result_sim_abr_fcc-test_004_trace_901648_http---www.amazon.com_960,004_trace_901648_http---www.amazon.com_960,1.5180851063829786,1.642553191489361,0.12446808510638241,1606.25,1838.5416666666667,0.012708013742588625,0.012708013742588625,0.11354166666666667,0.22395833333333334
result_sim_abr_fcc-test_026_trace_665192_http---www.facebook.com_640,026_trace_665192_http---www.facebook.com_640,1.3489361702127662,1.4734042553191486,0.12446808510638241,1512.5,1647.9166666666667,0.013302449392619466,0.013302449392619466,0.18541666666666667,0.19895833333333335
result_sim_abr_fcc-test_015_test_fcc_trace_805712_http---www.facebook.com_720_0,015_test_fcc_trace_805712_http---www.facebook.com_720_0,0.9702127659574473,1.1095744680851067,0.13936170212765941,1002.0833333333334,1220.8333333333333,0.0357451710083289,0.0357451710083289,0.04583333333333334,0.12812500000000002
result_sim_abr_fcc-test_069_trace_939618_http---www.amazon.com_960,069_trace_939618_http---www.amazon.com_960,0.8255319148936171,0.9755319148936172,0.15000000000000013,846.875,1020.8333333333334,0.03129598472319418,0.03129598472319418,0.03229166666666667,0.059375000000000004
result_sim_abr_fcc-test_093_test_fcc_trace_27175_http---www.amazon.com_720_0,093_test_fcc_trace_27175_http---www.amazon.com_720_0,1.5829787234042552,1.7553191489361692,0.1723404255319141,1665.625,1819.7916666666667,0.038538491036334006,0.038538491036334006,0.109375,0.09479166666666668
result_sim_abr_fcc-test_039_trace_866_http---www.amazon.com_1280,039_trace_866_http---www.amazon.com_1280,0.4436170212765958,0.6159574468085106,0.1723404255319148,525.0,656.25,0.03059752401627488,0.03059752401627488,0.08437499999999999,0.046875
result_sim_abr_fcc-test_045_test_fcc_trace_27175_http---www.amazon.com_240_0,045_test_fcc_trace_27175_http---www.amazon.com_240_0,0.4531914893617021,0.6266415136506504,0.17345002428894823,478.125,761.4583333333334,0.03713564510233918,0.044634912827239574,0.028125,0.109375
result_sim_abr_fcc-test_066_test_fcc_trace_805712_http---www.facebook.com_1140_0,066_test_fcc_trace_805712_http---www.facebook.com_1140_0,0.8457446808510638,1.0297872340425533,0.18404255319148954,927.0833333333334,1097.9166666666667,0.019376755537136806,0.019376755537136806,0.09270833333333334,0.08333333333333333
result_sim_abr_fcc-test_003_trace_215252_http---www.msn.com_640,003_trace_215252_http---www.msn.com_640,0.9510638297872342,1.1553191489361705,0.20425531914893624,988.5416666666666,1169.7916666666667,0.018407126985146734,0.018407126985146734,0.05104166666666667,0.03229166666666667
result_sim_abr_fcc-test_002_trace_939592_http---www.facebook.com_640,002_trace_939592_http---www.facebook.com_640,0.9223404255319154,1.140425531914894,0.2180851063829785,928.125,1307.2916666666667,0.017075043333430285,0.017075043333430285,0.01875,0.18437499999999998
result_sim_abr_fcc-test_083_test_fcc_trace_216810_http---www.facebook.com_300_0,083_test_fcc_trace_216810_http---www.facebook.com_300_0,1.220212765957447,1.4478723404255318,0.2276595744680847,1344.7916666666667,1604.1666666666667,0.03013731586349841,0.03013731586349841,0.14375000000000002,0.18020833333333333
result_sim_abr_fcc-test_023_trace_942092_http---www.facebook.com_0,023_trace_942092_http---www.facebook.com_0,1.0648936170212768,1.3095744680851067,0.24468085106382986,1081.25,1320.8333333333333,0.016016059859067698,0.016016059859067698,0.03229166666666667,0.03229166666666667
result_sim_abr_fcc-test_012_trace_939562_http---www.google.com-mobile-_0,012_trace_939562_http---www.google.com-mobile-_0,1.4042553191489364,1.7095744680851057,0.3053191489361693,1482.2916666666667,1897.9166666666667,0.009221403990408288,0.009221403990408288,0.10104166666666665,0.21770833333333336
result_sim_abr_fcc-test_038_trace_216826_http---www.amazon.com_640,038_trace_216826_http---www.amazon.com_640,0.0953388123544147,0.6934116592450068,0.5980728468905921,1809.375,1709.375,0.3475725427919451,0.18304045071899053,0.25,0.271875
result_sim_abr_fcc-test_053_trace_8299_http---www.amazon.com_960,053_trace_8299_http---www.amazon.com_960,-2.586268751268234,-1.5597337896733272,1.0265349615949066,1800.0,1681.25,0.9582816055334411,0.7102334311392521,0.2583333333333333,0.20104166666666667
result_sim_abr_fcc-test_050_trace_207336_http---www.amazon.com_1280,050_trace_207336_http---www.amazon.com_1280,-1.107381194975543,0.20103540248942134,1.3084165974649644,1143.75,1137.5,0.49781210061577896,0.20495560797598578,0.19479166666666667,0.16666666666666666
result_sim_abr_fcc-test_013_trace_8299_http---www.amazon.com_1280,013_trace_8299_http---www.amazon.com_1280,-0.7404080171211803,0.9714392062656073,1.7118472233867876,1167.7083333333333,1101.0416666666667,0.4361737739900458,0.052904299672318085,0.16666666666666666,0.07187500000000001
